{"cameraMode":{"drawMode":0,"name":"Shaded","section":"Shading Mode"},"sceneLighting":true,"audioPlay":false,"sceneViewState":{"m_AlwaysRefresh":false,"showFog":true,"showSkybox":true,"showFlares":true,"showImageEffects":true,"showParticleSystems":true,"showVisualEffectGraphs":true,"m_FxEnabled":true},"in2DMode":false,"pivot":{"x":-13.418639183044434,"y":-3.0712852478027345,"z":-4.737934112548828},"rotation":{"x":-0.003996812738478184,"y":0.9774373173713684,"z":-0.21062041819095612,"w":-0.017313160002231599},"size":12.313277244567871,"orthographic":false}