{"cameraMode":{"drawMode":0,"name":"Shaded","section":"Shading Mode"},"sceneLighting":true,"audioPlay":false,"sceneViewState":{"m_AlwaysRefresh":false,"showFog":true,"showSkybox":true,"showFlares":true,"showImageEffects":true,"showParticleSystems":true,"showVisualEffectGraphs":true,"m_FxEnabled":true},"in2DMode":false,"pivot":{"x":1.3583874702453614,"y":1.8011475801467896,"z":5.5838141441345219},"rotation":{"x":-0.03546898439526558,"y":-0.10691481828689575,"z":0.003995068836957216,"w":-0.9936487078666687},"size":2.1650636196136476,"orthographic":false}